id,concept,projet,taxon_preset,canal,type_modele,source,statut_biblio,lecture,cible,niveau,etat,parite
M01,Choix de site par inhibition croisée,P5,Apis mellifera (essaim; M1c),signal d'arrêt (contact),EDO champ moyen et SSA,Seeley et al. 2012,vérifiée,T (SOM),T5.1 à T5.3; étalon de S0 : T0.4 à T0.7,déterministe,brouillon,M02
M02,Réponse de quorum,P5,Temnothorax (M6; espèce du préréglage à confirmer),densité perçue (rencontres),modèle à agents à temps discret,Sumpter et Pratt 2009,vérifiée,T; lecture de r à confirmer,T5.23; T0.17 à T0.19,distributionnel,brouillon,M01
M03,Décision sensible à la valeur,P5,Apis mellifera,inhibition croisée et bruit sensoriel,SDE,Pais et al. 2013,corrigée,T,T5.4 à T5.7; intégrateur : T0.27,déterministe,brouillon,asymétrie : aucun modèle de fourmi équivalent lu
M04a,Décision optimale (référence neuronale),P5,neurones (référence commune),recrutement linéaire ou quadratique,SDE couplées,Marshall et al. 2009,corrigée,T; supplément non lu,T0.35,relationnel,brouillon,M04c
M04b,Décision optimale (colonie de fourmis),P5,Temnothorax albipennis (M6 de Marshall),recrutement linéaire ou quadratique,SDE couplées,Marshall et al. 2009,corrigée,T; supplément non lu,T5.22; T5.16,relationnel,brouillon,M04c
M04c,Décision optimale (colonie d'abeilles),P5,Apis mellifera (M7 et M8 de Marshall),recrutement linéaire ou quadratique,SDE couplées,Marshall et al. 2009,corrigée,T; supplément non lu,T5.24,relationnel,brouillon,M04b
M05,Recrutement par piste et verrouillage,P1,Linepithema humile (pont à deux branches); Lasius niger,piste (marqueurs persistants),Monte Carlo de choix binaire,Goss et al. 1989; Deneubourg et al. 1990,vérifiée; vérifiée,T (dossier P1),T1.1 à T1.3,distributionnel,brouillon,M06
M06,Sélection collective de source,P1,Apis mellifera,danse (diffusion éphémère),EDO à 7 compartiments,Camazine et Sneyd 1991; Seeley et al. 1991,corrigée; corrigée,T (dossier P1),T1.4 à T1.6,déterministe,bloquée,M05
M07,Castes et seuils (les majors prennent la relève),P3,Pheidole,stimulus de tâche,seuils fixes stochastiques,Bonabeau et al. 1996; Wilson 1984,non vérifiée; vérifiée,Bonabeau : non lu; Wilson : voir dossier P3,T3.1; T3.2,déterministe,brouillon,M08
M08,Diversité des seuils et thermorégulation,P3,Apis mellifera (patrilignes),température,seuils par patriligne et compartiment thermique,Graham et al. 2006,vérifiée,R; équations et paramètres à confirmer,T3.11; T3.12,relationnel,brouillon,M07
M09,Fourragement réglé par les contacts,P4,Pogonomyrmex barbatus,contacts antennaires,Poisson à temps discret et file,Prabhakar et al. 2012,corrigée,T,T4.1 à T4.3,déterministe,brouillon,M10
M10,File d'appariement butineuses–receveuses,P4,Apis mellifera,délai de recherche et trémulation,files et EDO,Anderson et Ratnieks 1999a,corrigée,T,T4.6; T4.8 à T4.10,relationnel,brouillon,M09
M11,Colonie contre individu isolé,P8,Temnothorax rugatulus,rétroaction positive (quorum),chaîne de Markov et modèle à agents,Sasaki et al. 2013,corrigée,T; matériel supplémentaire non lu,T8.1; T8.2,relationnel,brouillon,M12
M12,Valeur de l'information sociale,P8,Apis mellifera,danse,modèle à agents,I'Anson Price et al. 2019,corrigée,T (dossier P8),T8.8; T8.9,relationnel,brouillon,M11
M13,Mémoire partagée et persistance,P2,fourmi (ACO décrit par composants),persistance ρ (convention à déclarer),métaheuristique,Dorigo et al. 1996,vérifiée,T,T2.2 à T2.7,distributionnel,brouillon,M14
M14,Mémoire partagée et recrutement par annonce,P2,abeille (ABC décrit par composants),aucun canal nommé par la source,métaheuristique,Karaboga 2005,corrigée,T,T2.8 à T2.10,distributionnel,brouillon,M13
M15,Voies et choix collectif d'un sens,P9,Eciton burchellii (fourmis légionnaires),piste de suivi,modèle à agents,Couzin et Franks 2003,vérifiée,T (dossier P9),T9.1,relationnel,brouillon,asymétrie : ligne abeille à compléter par la fiche P9
