point,rep,seed,sigma,A,B
0,0,2312232598447777568,0.25,0.47570191504401743,0.47570191504398845
1,0,2312232598447777568,0.5,0.46973344915418724,0.46973344915415083
2,0,2312232598447777568,0.75,0.46400889130313316,0.464008891303086
3,0,2312232598447777568,1,0.45851137325695934,0.45851137325044955
4,0,2312232598447777568,1.25,0.45322565508077794,0.45322565141150944
5,0,2312232598447777568,1.5,0.44813873261154225,0.4481371010773999
6,0,2312232598447777568,1.625,0.44568013658815514,0.44564851040128023
7,0,2312232598447777568,1.75,0.4435261036685797,0.4429451394290641
8,0,2312232598447777568,2,0.515391557290066,0.36382833181523866
9,0,2312232598447777568,2.5,0.6978167606019692,0.19107212817454045
10,0,2312232598447777568,3,0.7384168123404966,0.15047207654838834
11,0,2312232598447777568,5,0.8061960132466542,0.08269287564223181
12,0,2312232598447777568,10,0.8496573895291181,0.039231499359768426
