point,sigma,observable,n,mean,sd,se,ci95_low,ci95_high
0,0.25,A,1,0.47570191504401743,0,0,0.47570191504401743,0.47570191504401743
0,0.25,B,1,0.47570191504398845,0,0,0.47570191504398845,0.47570191504398845
1,0.5,A,1,0.46973344915418724,0,0,0.46973344915418724,0.46973344915418724
1,0.5,B,1,0.46973344915415083,0,0,0.46973344915415083,0.46973344915415083
2,0.75,A,1,0.46400889130313316,0,0,0.46400889130313316,0.46400889130313316
2,0.75,B,1,0.464008891303086,0,0,0.464008891303086,0.464008891303086
3,1,A,1,0.45851137325695934,0,0,0.45851137325695934,0.45851137325695934
3,1,B,1,0.45851137325044955,0,0,0.45851137325044955,0.45851137325044955
4,1.25,A,1,0.45322565508077794,0,0,0.45322565508077794,0.45322565508077794
4,1.25,B,1,0.45322565141150944,0,0,0.45322565141150944,0.45322565141150944
5,1.5,A,1,0.44813873261154225,0,0,0.44813873261154225,0.44813873261154225
5,1.5,B,1,0.4481371010773999,0,0,0.4481371010773999,0.4481371010773999
6,1.625,A,1,0.44568013658815514,0,0,0.44568013658815514,0.44568013658815514
6,1.625,B,1,0.44564851040128023,0,0,0.44564851040128023,0.44564851040128023
7,1.75,A,1,0.4435261036685797,0,0,0.4435261036685797,0.4435261036685797
7,1.75,B,1,0.4429451394290641,0,0,0.4429451394290641,0.4429451394290641
8,2,A,1,0.515391557290066,0,0,0.515391557290066,0.515391557290066
8,2,B,1,0.36382833181523866,0,0,0.36382833181523866,0.36382833181523866
9,2.5,A,1,0.6978167606019692,0,0,0.6978167606019692,0.6978167606019692
9,2.5,B,1,0.19107212817454045,0,0,0.19107212817454045,0.19107212817454045
10,3,A,1,0.7384168123404966,0,0,0.7384168123404966,0.7384168123404966
10,3,B,1,0.15047207654838834,0,0,0.15047207654838834,0.15047207654838834
11,5,A,1,0.8061960132466542,0,0,0.8061960132466542,0.8061960132466542
11,5,B,1,0.08269287564223181,0,0,0.08269287564223181,0.08269287564223181
12,10,A,1,0.8496573895291181,0,0,0.8496573895291181,0.8496573895291181
12,10,B,1,0.039231499359768426,0,0,0.039231499359768426,0.039231499359768426
