point,rep,seed,N,tempsCouverture
0,0,5384951319205225011,1,13793
0,1,8947330736813735971,1,17131
0,2,335629086717780967,1,20215
0,3,3792866336717069833,1,23386
0,4,17648974464918290238,1,20814
0,5,13158319810481206812,1,18074
0,6,17697205907076566952,1,13440
0,7,1745805091277052275,1,17704
0,8,10174575256649922164,1,16218
0,9,4801449530308966241,1,16276
0,10,15964001751588398686,1,13301
0,11,9086315017228195762,1,14362
0,12,16617185547900090403,1,19161
0,13,1931827800702904183,1,16981
0,14,11341495168773271859,1,19697
0,15,2645267236651238628,1,20364
0,16,9912157441171604157,1,12951
0,17,3409796787775662569,1,13510
0,18,9668246560762760622,1,16635
0,19,8687481573041601240,1,14489
0,20,10774450077818018051,1,25327
0,21,15533058428838778435,1,14557
0,22,10213797827503244520,1,25971
0,23,10895739259645629835,1,16500
0,24,10630215773865597956,1,18103
0,25,2441056701128841570,1,15161
0,26,5519285788582971151,1,15644
0,27,15677903440307404687,1,13558
0,28,1718213540747757649,1,16512
0,29,12557651938863980120,1,14147
0,30,5584111684099047289,1,20992
0,31,3111624688751550339,1,18754
0,32,7188823921111700719,1,19845
0,33,17808115496594000691,1,19085
0,34,8294913075058289733,1,21667
0,35,5673901131994366788,1,15707
0,36,4833083511672215042,1,20655
0,37,9325360161499168429,1,22057
0,38,9177875111135965596,1,12142
0,39,14055517733753179337,1,18720
0,40,9047468920694314680,1,14595
0,41,977259347701253576,1,20288
0,42,18388054250868548477,1,22410
0,43,16953008678159811564,1,18563
0,44,18096162968576636432,1,17061
0,45,1905570612773032732,1,14930
0,46,6815902651964224561,1,20078
0,47,9198351642462424589,1,19734
0,48,5524714764403264368,1,12990
0,49,4393267174756133399,1,24307
0,50,5051879903424542662,1,15881
0,51,13181470929817258483,1,15132
0,52,15086463200877547085,1,12513
0,53,14981887841053625794,1,17532
0,54,8955315396894417483,1,16853
0,55,1003167432174412468,1,16736
0,56,11686314610909058531,1,15674
0,57,3707620965792323466,1,15307
0,58,6633943537039363970,1,16661
0,59,10057520891023245385,1,16064
0,60,7993963312361761859,1,19648
0,61,17548602586776119402,1,18739
0,62,13636177389027027702,1,14071
0,63,17815117608227786416,1,13379
0,64,13280681021161160884,1,18510
0,65,11822694756358612073,1,16490
0,66,17777537366084599395,1,19755
0,67,10932349415936536904,1,17807
0,68,13912047680124214075,1,15598
0,69,15485351224295798923,1,20530
0,70,13081128624350510328,1,17271
0,71,6441630040849573318,1,19678
0,72,13577735381952102052,1,15858
0,73,11224476883939894484,1,13582
0,74,2058730075377186936,1,12665
0,75,5684832829809544260,1,14198
0,76,12896366265499621978,1,27008
0,77,12244256393384019309,1,20875
0,78,15635506268831056294,1,17016
0,79,12169141453418963348,1,24054
0,80,5409832202576516066,1,12307
0,81,8565006384266957173,1,20232
0,82,6443674085086235198,1,17655
0,83,5806022275319495262,1,12063
0,84,4207914035162635347,1,14873
0,85,7508720683273100436,1,13333
0,86,4410799134017555784,1,21782
0,87,1108065312119913795,1,16031
0,88,1087325659813469700,1,18488
0,89,13681187083751650150,1,14867
0,90,17811570067769343452,1,18910
0,91,1552563068593233244,1,17175
0,92,8313388423793569199,1,21979
0,93,13429856565708988791,1,14379
0,94,5652397124292926715,1,15748
0,95,14646482189332015962,1,20059
0,96,6189167889012359751,1,17946
0,97,350429883519071543,1,17883
0,98,553741477478685551,1,11725
0,99,3772820968854285990,1,14907
0,100,11040632216677967635,1,14010
0,101,4855929568764339097,1,20578
0,102,3006018762567638635,1,16937
0,103,2951750188682274626,1,14004
0,104,1300877925118481355,1,13221
0,105,13008321133892233038,1,13775
0,106,4706245169617179022,1,13666
0,107,5021012513883337653,1,17187
0,108,14699007573965296379,1,14010
0,109,3195874070189433410,1,11644
0,110,5697281345264733530,1,16244
0,111,8449559641768461137,1,19812
0,112,6303502681032889499,1,13418
0,113,3794213071982346912,1,16047
0,114,7264078505022546172,1,14230
0,115,9296463006233481175,1,16748
0,116,6772334042478907564,1,16658
0,117,17149206750998117059,1,20419
0,118,3347480701289110515,1,22694
0,119,1649072246846683533,1,16286
0,120,15217612768270642843,1,19891
0,121,10527611606417343631,1,18513
0,122,8288872999843511608,1,18318
0,123,13054478141556574234,1,18251
0,124,10534041337003185132,1,16516
0,125,15489599697092718752,1,17041
0,126,10231414038139826101,1,18650
0,127,7923217390826070345,1,16578
0,128,16088831364347827635,1,16835
0,129,7364055203371036354,1,20028
0,130,4783031942158314846,1,18810
0,131,375765405125533004,1,13681
0,132,16236929490081736630,1,18085
0,133,12773040197025976464,1,18038
0,134,15250556831563473268,1,18902
0,135,7200227845346552795,1,18214
0,136,8614439359374161558,1,23508
0,137,10874774549547293615,1,17115
0,138,1654830796537617297,1,15050
0,139,16099947179948421806,1,21193
0,140,11773171639479916780,1,14312
0,141,947214040647101601,1,23355
0,142,12885422566335020057,1,19161
0,143,1242195934645940237,1,16615
0,144,7260311159850208808,1,15524
0,145,4246310494291862789,1,13261
0,146,1677520221407645844,1,14243
0,147,6370685584471937512,1,10899
0,148,3002815286091706143,1,18823
0,149,8166119377360102145,1,18154
0,150,18265153354818469371,1,18493
0,151,466451027561969102,1,13655
0,152,17033037088982690493,1,22809
0,153,4594148864192393301,1,16071
0,154,12083569070594214683,1,14745
0,155,6381491763055747963,1,23096
0,156,1932796474100111736,1,16420
0,157,5011212726447245114,1,20068
0,158,7811695478464002299,1,16294
0,159,1773438987455516115,1,18432
0,160,13930852110891398848,1,14500
0,161,13682973132561764193,1,22604
0,162,7194032381730618955,1,15970
0,163,5999457344277829896,1,14037
0,164,9172916273529697398,1,15128
0,165,17391604505684039604,1,19209
0,166,17367369674261844180,1,19480
0,167,9711478221795393718,1,12775
0,168,15603584565445531261,1,13697
0,169,9239295702722752011,1,15927
0,170,16465242213173960173,1,16097
0,171,14094181145347146062,1,14818
0,172,2185715593249880671,1,15830
0,173,7659178714943254725,1,13595
0,174,2405330512928275597,1,18008
0,175,2316479358857563449,1,19708
0,176,9196034099549049806,1,24995
0,177,7713908315561446829,1,25316
0,178,15746557309067440509,1,13053
0,179,8226940155651495484,1,22950
0,180,16577904057926058120,1,13451
0,181,2734095960527996519,1,14988
0,182,18029529947610875711,1,17066
0,183,14339354414695557575,1,22312
0,184,15580908983324961951,1,16544
0,185,15291391975418920070,1,21437
0,186,4465595359958068098,1,14718
0,187,5330778551589598526,1,16969
0,188,15667454691442299667,1,9971
0,189,6913919045034541549,1,12316
0,190,12867337473460998640,1,12989
0,191,11431924968533089096,1,15178
0,192,208972795713890549,1,14611
0,193,14594230119554207958,1,16840
0,194,13109643028339269532,1,14053
0,195,2205818837843505027,1,20400
0,196,2816093552401592596,1,20345
0,197,6469741840230123083,1,15008
0,198,7827415477271717878,1,22321
0,199,6894406174977151236,1,15455
1,0,5384951319205225011,2,10365
1,1,8947330736813735971,2,10610
1,2,335629086717780967,2,6980
1,3,3792866336717069833,2,6140
1,4,17648974464918290238,2,7182
1,5,13158319810481206812,2,7050
1,6,17697205907076566952,2,8031
1,7,1745805091277052275,2,8017
1,8,10174575256649922164,2,6375
1,9,4801449530308966241,2,6381
1,10,15964001751588398686,2,6414
1,11,9086315017228195762,2,10458
1,12,16617185547900090403,2,9849
1,13,1931827800702904183,2,9669
1,14,11341495168773271859,2,7782
1,15,2645267236651238628,2,12355
1,16,9912157441171604157,2,9419
1,17,3409796787775662569,2,10670
1,18,9668246560762760622,2,9999
1,19,8687481573041601240,2,10143
1,20,10774450077818018051,2,9230
1,21,15533058428838778435,2,8574
1,22,10213797827503244520,2,9133
1,23,10895739259645629835,2,9757
1,24,10630215773865597956,2,7209
1,25,2441056701128841570,2,7684
1,26,5519285788582971151,2,6866
1,27,15677903440307404687,2,7717
1,28,1718213540747757649,2,6579
1,29,12557651938863980120,2,10337
1,30,5584111684099047289,2,7159
1,31,3111624688751550339,2,13317
1,32,7188823921111700719,2,9379
1,33,17808115496594000691,2,6743
1,34,8294913075058289733,2,8557
1,35,5673901131994366788,2,6762
1,36,4833083511672215042,2,6423
1,37,9325360161499168429,2,10334
1,38,9177875111135965596,2,8599
1,39,14055517733753179337,2,12169
1,40,9047468920694314680,2,6961
1,41,977259347701253576,2,9259
1,42,18388054250868548477,2,7165
1,43,16953008678159811564,2,8551
1,44,18096162968576636432,2,8822
1,45,1905570612773032732,2,6716
1,46,6815902651964224561,2,10289
1,47,9198351642462424589,2,10307
1,48,5524714764403264368,2,11962
1,49,4393267174756133399,2,7348
1,50,5051879903424542662,2,11186
1,51,13181470929817258483,2,7184
1,52,15086463200877547085,2,8744
1,53,14981887841053625794,2,7350
1,54,8955315396894417483,2,7455
1,55,1003167432174412468,2,11616
1,56,11686314610909058531,2,6542
1,57,3707620965792323466,2,10924
1,58,6633943537039363970,2,7710
1,59,10057520891023245385,2,6703
1,60,7993963312361761859,2,7266
1,61,17548602586776119402,2,11574
1,62,13636177389027027702,2,6706
1,63,17815117608227786416,2,7063
1,64,13280681021161160884,2,7998
1,65,11822694756358612073,2,7145
1,66,17777537366084599395,2,7662
1,67,10932349415936536904,2,7830
1,68,13912047680124214075,2,9081
1,69,15485351224295798923,2,8978
1,70,13081128624350510328,2,7327
1,71,6441630040849573318,2,7171
1,72,13577735381952102052,2,7287
1,73,11224476883939894484,2,9208
1,74,2058730075377186936,2,11225
1,75,5684832829809544260,2,8607
1,76,12896366265499621978,2,7906
1,77,12244256393384019309,2,8175
1,78,15635506268831056294,2,7968
1,79,12169141453418963348,2,7784
1,80,5409832202576516066,2,12107
1,81,8565006384266957173,2,8180
1,82,6443674085086235198,2,8066
1,83,5806022275319495262,2,8933
1,84,4207914035162635347,2,8092
1,85,7508720683273100436,2,5488
1,86,4410799134017555784,2,11645
1,87,1108065312119913795,2,10282
1,88,1087325659813469700,2,9332
1,89,13681187083751650150,2,7431
1,90,17811570067769343452,2,9676
1,91,1552563068593233244,2,6978
1,92,8313388423793569199,2,9703
1,93,13429856565708988791,2,8471
1,94,5652397124292926715,2,7283
1,95,14646482189332015962,2,9688
1,96,6189167889012359751,2,7919
1,97,350429883519071543,2,8064
1,98,553741477478685551,2,7794
1,99,3772820968854285990,2,8026
1,100,11040632216677967635,2,5642
1,101,4855929568764339097,2,7195
1,102,3006018762567638635,2,10381
1,103,2951750188682274626,2,10735
1,104,1300877925118481355,2,7667
1,105,13008321133892233038,2,6673
1,106,4706245169617179022,2,7871
1,107,5021012513883337653,2,8761
1,108,14699007573965296379,2,5973
1,109,3195874070189433410,2,9474
1,110,5697281345264733530,2,6162
1,111,8449559641768461137,2,8180
1,112,6303502681032889499,2,10892
1,113,3794213071982346912,2,6667
1,114,7264078505022546172,2,7225
1,115,9296463006233481175,2,7628
1,116,6772334042478907564,2,8763
1,117,17149206750998117059,2,11281
1,118,3347480701289110515,2,9846
1,119,1649072246846683533,2,11123
1,120,15217612768270642843,2,13899
1,121,10527611606417343631,2,8920
1,122,8288872999843511608,2,7654
1,123,13054478141556574234,2,9387
1,124,10534041337003185132,2,9376
1,125,15489599697092718752,2,7118
1,126,10231414038139826101,2,7027
1,127,7923217390826070345,2,9004
1,128,16088831364347827635,2,5776
1,129,7364055203371036354,2,11872
1,130,4783031942158314846,2,7424
1,131,375765405125533004,2,6209
1,132,16236929490081736630,2,8556
1,133,12773040197025976464,2,7589
1,134,15250556831563473268,2,8439
1,135,7200227845346552795,2,7094
1,136,8614439359374161558,2,8420
1,137,10874774549547293615,2,5709
1,138,1654830796537617297,2,6853
1,139,16099947179948421806,2,8093
1,140,11773171639479916780,2,9467
1,141,947214040647101601,2,8682
1,142,12885422566335020057,2,6960
1,143,1242195934645940237,2,12528
1,144,7260311159850208808,2,8595
1,145,4246310494291862789,2,7119
1,146,1677520221407645844,2,7942
1,147,6370685584471937512,2,9136
1,148,3002815286091706143,2,11393
1,149,8166119377360102145,2,7466
1,150,18265153354818469371,2,7339
1,151,466451027561969102,2,6875
1,152,17033037088982690493,2,6745
1,153,4594148864192393301,2,10057
1,154,12083569070594214683,2,8060
1,155,6381491763055747963,2,6732
1,156,1932796474100111736,2,9685
1,157,5011212726447245114,2,9246
1,158,7811695478464002299,2,8007
1,159,1773438987455516115,2,6032
1,160,13930852110891398848,2,10063
1,161,13682973132561764193,2,11791
1,162,7194032381730618955,2,7532
1,163,5999457344277829896,2,8005
1,164,9172916273529697398,2,11559
1,165,17391604505684039604,2,10013
1,166,17367369674261844180,2,9385
1,167,9711478221795393718,2,9157
1,168,15603584565445531261,2,7871
1,169,9239295702722752011,2,10047
1,170,16465242213173960173,2,6657
1,171,14094181145347146062,2,9771
1,172,2185715593249880671,2,10105
1,173,7659178714943254725,2,7367
1,174,2405330512928275597,2,7455
1,175,2316479358857563449,2,5841
1,176,9196034099549049806,2,8367
1,177,7713908315561446829,2,7789
1,178,15746557309067440509,2,9530
1,179,8226940155651495484,2,6416
1,180,16577904057926058120,2,7520
1,181,2734095960527996519,2,9846
1,182,18029529947610875711,2,8955
1,183,14339354414695557575,2,9180
1,184,15580908983324961951,2,8001
1,185,15291391975418920070,2,7623
1,186,4465595359958068098,2,8640
1,187,5330778551589598526,2,8778
1,188,15667454691442299667,2,8021
1,189,6913919045034541549,2,6969
1,190,12867337473460998640,2,8055
1,191,11431924968533089096,2,7763
1,192,208972795713890549,2,11758
1,193,14594230119554207958,2,6450
1,194,13109643028339269532,2,12008
1,195,2205818837843505027,2,6712
1,196,2816093552401592596,2,5608
1,197,6469741840230123083,2,8929
1,198,7827415477271717878,2,7334
1,199,6894406174977151236,2,10171
2,0,5384951319205225011,4,4085
2,1,8947330736813735971,4,3598
2,2,335629086717780967,4,4437
2,3,3792866336717069833,4,3919
2,4,17648974464918290238,4,3365
2,5,13158319810481206812,4,5145
2,6,17697205907076566952,4,5751
2,7,1745805091277052275,4,4573
2,8,10174575256649922164,4,5239
2,9,4801449530308966241,4,3951
2,10,15964001751588398686,4,5544
2,11,9086315017228195762,4,5056
2,12,16617185547900090403,4,6387
2,13,1931827800702904183,4,4317
2,14,11341495168773271859,4,3837
2,15,2645267236651238628,4,4915
2,16,9912157441171604157,4,4267
2,17,3409796787775662569,4,3897
2,18,9668246560762760622,4,2976
2,19,8687481573041601240,4,6675
2,20,10774450077818018051,4,3483
2,21,15533058428838778435,4,3902
2,22,10213797827503244520,4,5799
2,23,10895739259645629835,4,4924
2,24,10630215773865597956,4,3962
2,25,2441056701128841570,4,3145
2,26,5519285788582971151,4,4041
2,27,15677903440307404687,4,3073
2,28,1718213540747757649,4,4470
2,29,12557651938863980120,4,3875
2,30,5584111684099047289,4,5140
2,31,3111624688751550339,4,4123
2,32,7188823921111700719,4,4589
2,33,17808115496594000691,4,4308
2,34,8294913075058289733,4,4884
2,35,5673901131994366788,4,4495
2,36,4833083511672215042,4,6310
2,37,9325360161499168429,4,5206
2,38,9177875111135965596,4,4601
2,39,14055517733753179337,4,4682
2,40,9047468920694314680,4,4718
2,41,977259347701253576,4,4375
2,42,18388054250868548477,4,4340
2,43,16953008678159811564,4,3734
2,44,18096162968576636432,4,5397
2,45,1905570612773032732,4,3821
2,46,6815902651964224561,4,4632
2,47,9198351642462424589,4,7385
2,48,5524714764403264368,4,4356
2,49,4393267174756133399,4,2956
2,50,5051879903424542662,4,3571
2,51,13181470929817258483,4,3972
2,52,15086463200877547085,4,4538
2,53,14981887841053625794,4,3766
2,54,8955315396894417483,4,5941
2,55,1003167432174412468,4,4554
2,56,11686314610909058531,4,3156
2,57,3707620965792323466,4,5545
2,58,6633943537039363970,4,5585
2,59,10057520891023245385,4,4815
2,60,7993963312361761859,4,3522
2,61,17548602586776119402,4,5616
2,62,13636177389027027702,4,4326
2,63,17815117608227786416,4,3946
2,64,13280681021161160884,4,5940
2,65,11822694756358612073,4,4300
2,66,17777537366084599395,4,4299
2,67,10932349415936536904,4,4898
2,68,13912047680124214075,4,4191
2,69,15485351224295798923,4,4044
2,70,13081128624350510328,4,5685
2,71,6441630040849573318,4,2585
2,72,13577735381952102052,4,3835
2,73,11224476883939894484,4,3217
2,74,2058730075377186936,4,4091
2,75,5684832829809544260,4,2943
2,76,12896366265499621978,4,4455
2,77,12244256393384019309,4,3338
2,78,15635506268831056294,4,3853
2,79,12169141453418963348,4,3914
2,80,5409832202576516066,4,4298
2,81,8565006384266957173,4,5252
2,82,6443674085086235198,4,4353
2,83,5806022275319495262,4,4973
2,84,4207914035162635347,4,5382
2,85,7508720683273100436,4,3790
2,86,4410799134017555784,4,3827
2,87,1108065312119913795,4,4135
2,88,1087325659813469700,4,4103
2,89,13681187083751650150,4,4238
2,90,17811570067769343452,4,4179
2,91,1552563068593233244,4,3657
2,92,8313388423793569199,4,3238
2,93,13429856565708988791,4,5782
2,94,5652397124292926715,4,3923
2,95,14646482189332015962,4,5754
2,96,6189167889012359751,4,6033
2,97,350429883519071543,4,5002
2,98,553741477478685551,4,4373
2,99,3772820968854285990,4,4209
2,100,11040632216677967635,4,3196
2,101,4855929568764339097,4,3593
2,102,3006018762567638635,4,4687
2,103,2951750188682274626,4,3687
2,104,1300877925118481355,4,3007
2,105,13008321133892233038,4,4103
2,106,4706245169617179022,4,3733
2,107,5021012513883337653,4,2837
2,108,14699007573965296379,4,6074
2,109,3195874070189433410,4,3636
2,110,5697281345264733530,4,4520
2,111,8449559641768461137,4,3098
2,112,6303502681032889499,4,3597
2,113,3794213071982346912,4,3410
2,114,7264078505022546172,4,4107
2,115,9296463006233481175,4,3936
2,116,6772334042478907564,4,4508
2,117,17149206750998117059,4,4575
2,118,3347480701289110515,4,3843
2,119,1649072246846683533,4,3997
2,120,15217612768270642843,4,4030
2,121,10527611606417343631,4,6497
2,122,8288872999843511608,4,4109
2,123,13054478141556574234,4,3415
2,124,10534041337003185132,4,4961
2,125,15489599697092718752,4,4787
2,126,10231414038139826101,4,4200
2,127,7923217390826070345,4,3377
2,128,16088831364347827635,4,3551
2,129,7364055203371036354,4,5380
2,130,4783031942158314846,4,3970
2,131,375765405125533004,4,4594
2,132,16236929490081736630,4,6426
2,133,12773040197025976464,4,3191
2,134,15250556831563473268,4,3641
2,135,7200227845346552795,4,3688
2,136,8614439359374161558,4,6402
2,137,10874774549547293615,4,5169
2,138,1654830796537617297,4,3319
2,139,16099947179948421806,4,4590
2,140,11773171639479916780,4,4544
2,141,947214040647101601,4,3751
2,142,12885422566335020057,4,3849
2,143,1242195934645940237,4,4032
2,144,7260311159850208808,4,4665
2,145,4246310494291862789,4,3282
2,146,1677520221407645844,4,3310
2,147,6370685584471937512,4,4081
2,148,3002815286091706143,4,6399
2,149,8166119377360102145,4,4568
2,150,18265153354818469371,4,4143
2,151,466451027561969102,4,4171
2,152,17033037088982690493,4,3416
2,153,4594148864192393301,4,3465
2,154,12083569070594214683,4,4716
2,155,6381491763055747963,4,3535
2,156,1932796474100111736,4,3330
2,157,5011212726447245114,4,4279
2,158,7811695478464002299,4,4135
2,159,1773438987455516115,4,4345
2,160,13930852110891398848,4,5646
2,161,13682973132561764193,4,3751
2,162,7194032381730618955,4,3878
2,163,5999457344277829896,4,4629
2,164,9172916273529697398,4,5453
2,165,17391604505684039604,4,3698
2,166,17367369674261844180,4,4027
2,167,9711478221795393718,4,4643
2,168,15603584565445531261,4,3417
2,169,9239295702722752011,4,6038
2,170,16465242213173960173,4,4347
2,171,14094181145347146062,4,4901
2,172,2185715593249880671,4,4874
2,173,7659178714943254725,4,5905
2,174,2405330512928275597,4,6916
2,175,2316479358857563449,4,3825
2,176,9196034099549049806,4,4585
2,177,7713908315561446829,4,4869
2,178,15746557309067440509,4,3103
2,179,8226940155651495484,4,4473
2,180,16577904057926058120,4,4745
2,181,2734095960527996519,4,3556
2,182,18029529947610875711,4,4635
2,183,14339354414695557575,4,3782
2,184,15580908983324961951,4,3568
2,185,15291391975418920070,4,4005
2,186,4465595359958068098,4,5002
2,187,5330778551589598526,4,4243
2,188,15667454691442299667,4,4894
2,189,6913919045034541549,4,4577
2,190,12867337473460998640,4,3629
2,191,11431924968533089096,4,3429
2,192,208972795713890549,4,4057
2,193,14594230119554207958,4,4452
2,194,13109643028339269532,4,5118
2,195,2205818837843505027,4,4896
2,196,2816093552401592596,4,3377
2,197,6469741840230123083,4,3841
2,198,7827415477271717878,4,4438
2,199,6894406174977151236,4,3394
3,0,5384951319205225011,8,2459
3,1,8947330736813735971,8,1778
3,2,335629086717780967,8,3046
3,3,3792866336717069833,8,2523
3,4,17648974464918290238,8,1924
3,5,13158319810481206812,8,2647
3,6,17697205907076566952,8,1912
3,7,1745805091277052275,8,2648
3,8,10174575256649922164,8,1793
3,9,4801449530308966241,8,1852
3,10,15964001751588398686,8,2869
3,11,9086315017228195762,8,1899
3,12,16617185547900090403,8,2137
3,13,1931827800702904183,8,1824
3,14,11341495168773271859,8,2059
3,15,2645267236651238628,8,2366
3,16,9912157441171604157,8,1896
3,17,3409796787775662569,8,1570
3,18,9668246560762760622,8,2287
3,19,8687481573041601240,8,2088
3,20,10774450077818018051,8,1997
3,21,15533058428838778435,8,2112
3,22,10213797827503244520,8,3028
3,23,10895739259645629835,8,2093
3,24,10630215773865597956,8,1723
3,25,2441056701128841570,8,2575
3,26,5519285788582971151,8,1864
3,27,15677903440307404687,8,1787
3,28,1718213540747757649,8,2581
3,29,12557651938863980120,8,2744
3,30,5584111684099047289,8,2044
3,31,3111624688751550339,8,2401
3,32,7188823921111700719,8,1843
3,33,17808115496594000691,8,1745
3,34,8294913075058289733,8,2797
3,35,5673901131994366788,8,2009
3,36,4833083511672215042,8,2381
3,37,9325360161499168429,8,1937
3,38,9177875111135965596,8,2671
3,39,14055517733753179337,8,2136
3,40,9047468920694314680,8,2736
3,41,977259347701253576,8,2191
3,42,18388054250868548477,8,1862
3,43,16953008678159811564,8,2194
3,44,18096162968576636432,8,2189
3,45,1905570612773032732,8,2740
3,46,6815902651964224561,8,1847
3,47,9198351642462424589,8,2507
3,48,5524714764403264368,8,2975
3,49,4393267174756133399,8,1913
3,50,5051879903424542662,8,1761
3,51,13181470929817258483,8,2981
3,52,15086463200877547085,8,2783
3,53,14981887841053625794,8,2250
3,54,8955315396894417483,8,1886
3,55,1003167432174412468,8,1647
3,56,11686314610909058531,8,1321
3,57,3707620965792323466,8,2978
3,58,6633943537039363970,8,2761
3,59,10057520891023245385,8,2762
3,60,7993963312361761859,8,3048
3,61,17548602586776119402,8,2173
3,62,13636177389027027702,8,1766
3,63,17815117608227786416,8,1709
3,64,13280681021161160884,8,2020
3,65,11822694756358612073,8,1948
3,66,17777537366084599395,8,2265
3,67,10932349415936536904,8,1628
3,68,13912047680124214075,8,1615
3,69,15485351224295798923,8,1966
3,70,13081128624350510328,8,1634
3,71,6441630040849573318,8,2544
3,72,13577735381952102052,8,2189
3,73,11224476883939894484,8,3162
3,74,2058730075377186936,8,1659
3,75,5684832829809544260,8,2463
3,76,12896366265499621978,8,2255
3,77,12244256393384019309,8,2360
3,78,15635506268831056294,8,1977
3,79,12169141453418963348,8,1755
3,80,5409832202576516066,8,1485
3,81,8565006384266957173,8,2039
3,82,6443674085086235198,8,2674
3,83,5806022275319495262,8,3345
3,84,4207914035162635347,8,2002
3,85,7508720683273100436,8,1904
3,86,4410799134017555784,8,1879
3,87,1108065312119913795,8,1890
3,88,1087325659813469700,8,1773
3,89,13681187083751650150,8,2630
3,90,17811570067769343452,8,1233
3,91,1552563068593233244,8,2055
3,92,8313388423793569199,8,2874
3,93,13429856565708988791,8,1956
3,94,5652397124292926715,8,2104
3,95,14646482189332015962,8,1746
3,96,6189167889012359751,8,2662
3,97,350429883519071543,8,2131
3,98,553741477478685551,8,2474
3,99,3772820968854285990,8,1696
3,100,11040632216677967635,8,1924
3,101,4855929568764339097,8,1517
3,102,3006018762567638635,8,2820
3,103,2951750188682274626,8,1642
3,104,1300877925118481355,8,1725
3,105,13008321133892233038,8,2357
3,106,4706245169617179022,8,2390
3,107,5021012513883337653,8,2069
3,108,14699007573965296379,8,1631
3,109,3195874070189433410,8,2360
3,110,5697281345264733530,8,2349
3,111,8449559641768461137,8,2185
3,112,6303502681032889499,8,1682
3,113,3794213071982346912,8,2880
3,114,7264078505022546172,8,2852
3,115,9296463006233481175,8,1676
3,116,6772334042478907564,8,2469
3,117,17149206750998117059,8,2158
3,118,3347480701289110515,8,1916
3,119,1649072246846683533,8,2041
3,120,15217612768270642843,8,1918
3,121,10527611606417343631,8,1596
3,122,8288872999843511608,8,1598
3,123,13054478141556574234,8,1895
3,124,10534041337003185132,8,2085
3,125,15489599697092718752,8,1981
3,126,10231414038139826101,8,1475
3,127,7923217390826070345,8,1694
3,128,16088831364347827635,8,2650
3,129,7364055203371036354,8,2043
3,130,4783031942158314846,8,1426
3,131,375765405125533004,8,1444
3,132,16236929490081736630,8,2725
3,133,12773040197025976464,8,2641
3,134,15250556831563473268,8,1764
3,135,7200227845346552795,8,2184
3,136,8614439359374161558,8,2570
3,137,10874774549547293615,8,1679
3,138,1654830796537617297,8,2192
3,139,16099947179948421806,8,1556
3,140,11773171639479916780,8,2018
3,141,947214040647101601,8,1411
3,142,12885422566335020057,8,2524
3,143,1242195934645940237,8,1675
3,144,7260311159850208808,8,1765
3,145,4246310494291862789,8,1960
3,146,1677520221407645844,8,1430
3,147,6370685584471937512,8,2382
3,148,3002815286091706143,8,2797
3,149,8166119377360102145,8,2913
3,150,18265153354818469371,8,1856
3,151,466451027561969102,8,1637
3,152,17033037088982690493,8,2118
3,153,4594148864192393301,8,2099
3,154,12083569070594214683,8,2661
3,155,6381491763055747963,8,2388
3,156,1932796474100111736,8,1947
3,157,5011212726447245114,8,2530
3,158,7811695478464002299,8,3149
3,159,1773438987455516115,8,2330
3,160,13930852110891398848,8,2071
3,161,13682973132561764193,8,2902
3,162,7194032381730618955,8,2336
3,163,5999457344277829896,8,2656
3,164,9172916273529697398,8,3570
3,165,17391604505684039604,8,1705
3,166,17367369674261844180,8,1829
3,167,9711478221795393718,8,1997
3,168,15603584565445531261,8,2011
3,169,9239295702722752011,8,1961
3,170,16465242213173960173,8,1416
3,171,14094181145347146062,8,2054
3,172,2185715593249880671,8,1684
3,173,7659178714943254725,8,3147
3,174,2405330512928275597,8,2155
3,175,2316479358857563449,8,2313
3,176,9196034099549049806,8,3159
3,177,7713908315561446829,8,3228
3,178,15746557309067440509,8,2409
3,179,8226940155651495484,8,2231
3,180,16577904057926058120,8,2269
3,181,2734095960527996519,8,2396
3,182,18029529947610875711,8,2402
3,183,14339354414695557575,8,1635
3,184,15580908983324961951,8,1830
3,185,15291391975418920070,8,1917
3,186,4465595359958068098,8,1842
3,187,5330778551589598526,8,2410
3,188,15667454691442299667,8,2289
3,189,6913919045034541549,8,1961
3,190,12867337473460998640,8,2947
3,191,11431924968533089096,8,2661
3,192,208972795713890549,8,3017
3,193,14594230119554207958,8,2161
3,194,13109643028339269532,8,2853
3,195,2205818837843505027,8,1431
3,196,2816093552401592596,8,2207
3,197,6469741840230123083,8,1950
3,198,7827415477271717878,8,2001
3,199,6894406174977151236,8,1684
4,0,5384951319205225011,16,992
4,1,8947330736813735971,16,1114
4,2,335629086717780967,16,1740
4,3,3792866336717069833,16,867
4,4,17648974464918290238,16,1877
4,5,13158319810481206812,16,1076
4,6,17697205907076566952,16,1574
4,7,1745805091277052275,16,1062
4,8,10174575256649922164,16,955
4,9,4801449530308966241,16,1094
4,10,15964001751588398686,16,1205
4,11,9086315017228195762,16,1441
4,12,16617185547900090403,16,1038
4,13,1931827800702904183,16,1454
4,14,11341495168773271859,16,996
4,15,2645267236651238628,16,1312
4,16,9912157441171604157,16,1744
4,17,3409796787775662569,16,1068
4,18,9668246560762760622,16,1739
4,19,8687481573041601240,16,1249
4,20,10774450077818018051,16,1123
4,21,15533058428838778435,16,1023
4,22,10213797827503244520,16,941
4,23,10895739259645629835,16,725
4,24,10630215773865597956,16,887
4,25,2441056701128841570,16,1275
4,26,5519285788582971151,16,1104
4,27,15677903440307404687,16,1122
4,28,1718213540747757649,16,1318
4,29,12557651938863980120,16,1012
4,30,5584111684099047289,16,874
4,31,3111624688751550339,16,1253
4,32,7188823921111700719,16,1039
4,33,17808115496594000691,16,752
4,34,8294913075058289733,16,963
4,35,5673901131994366788,16,1057
4,36,4833083511672215042,16,966
4,37,9325360161499168429,16,1356
4,38,9177875111135965596,16,1110
4,39,14055517733753179337,16,1030
4,40,9047468920694314680,16,1271
4,41,977259347701253576,16,1646
4,42,18388054250868548477,16,1238
4,43,16953008678159811564,16,1314
4,44,18096162968576636432,16,1303
4,45,1905570612773032732,16,960
4,46,6815902651964224561,16,1218
4,47,9198351642462424589,16,1470
4,48,5524714764403264368,16,1305
4,49,4393267174756133399,16,949
4,50,5051879903424542662,16,935
4,51,13181470929817258483,16,811
4,52,15086463200877547085,16,1477
4,53,14981887841053625794,16,1161
4,54,8955315396894417483,16,1071
4,55,1003167432174412468,16,969
4,56,11686314610909058531,16,887
4,57,3707620965792323466,16,908
4,58,6633943537039363970,16,1125
4,59,10057520891023245385,16,801
4,60,7993963312361761859,16,1100
4,61,17548602586776119402,16,810
4,62,13636177389027027702,16,970
4,63,17815117608227786416,16,1154
4,64,13280681021161160884,16,1647
4,65,11822694756358612073,16,1181
4,66,17777537366084599395,16,770
4,67,10932349415936536904,16,993
4,68,13912047680124214075,16,1223
4,69,15485351224295798923,16,1372
4,70,13081128624350510328,16,915
4,71,6441630040849573318,16,1149
4,72,13577735381952102052,16,842
4,73,11224476883939894484,16,1494
4,74,2058730075377186936,16,1270
4,75,5684832829809544260,16,1420
4,76,12896366265499621978,16,1308
4,77,12244256393384019309,16,1036
4,78,15635506268831056294,16,1305
4,79,12169141453418963348,16,979
4,80,5409832202576516066,16,1167
4,81,8565006384266957173,16,1102
4,82,6443674085086235198,16,856
4,83,5806022275319495262,16,1237
4,84,4207914035162635347,16,1079
4,85,7508720683273100436,16,1138
4,86,4410799134017555784,16,1196
4,87,1108065312119913795,16,833
4,88,1087325659813469700,16,1305
4,89,13681187083751650150,16,1594
4,90,17811570067769343452,16,1047
4,91,1552563068593233244,16,960
4,92,8313388423793569199,16,1469
4,93,13429856565708988791,16,985
4,94,5652397124292926715,16,974
4,95,14646482189332015962,16,1475
4,96,6189167889012359751,16,1347
4,97,350429883519071543,16,1146
4,98,553741477478685551,16,891
4,99,3772820968854285990,16,1202
4,100,11040632216677967635,16,799
4,101,4855929568764339097,16,1284
4,102,3006018762567638635,16,1034
4,103,2951750188682274626,16,981
4,104,1300877925118481355,16,845
4,105,13008321133892233038,16,1077
4,106,4706245169617179022,16,1159
4,107,5021012513883337653,16,965
4,108,14699007573965296379,16,993
4,109,3195874070189433410,16,1140
4,110,5697281345264733530,16,747
4,111,8449559641768461137,16,1054
4,112,6303502681032889499,16,1059
4,113,3794213071982346912,16,926
4,114,7264078505022546172,16,1526
4,115,9296463006233481175,16,1447
4,116,6772334042478907564,16,1068
4,117,17149206750998117059,16,988
4,118,3347480701289110515,16,767
4,119,1649072246846683533,16,1118
4,120,15217612768270642843,16,1058
4,121,10527611606417343631,16,1893
4,122,8288872999843511608,16,859
4,123,13054478141556574234,16,1469
4,124,10534041337003185132,16,946
4,125,15489599697092718752,16,1131
4,126,10231414038139826101,16,902
4,127,7923217390826070345,16,1264
4,128,16088831364347827635,16,877
4,129,7364055203371036354,16,883
4,130,4783031942158314846,16,934
4,131,375765405125533004,16,1023
4,132,16236929490081736630,16,1515
4,133,12773040197025976464,16,1177
4,134,15250556831563473268,16,1234
4,135,7200227845346552795,16,1379
4,136,8614439359374161558,16,1227
4,137,10874774549547293615,16,845
4,138,1654830796537617297,16,893
4,139,16099947179948421806,16,1000
4,140,11773171639479916780,16,1007
4,141,947214040647101601,16,1138
4,142,12885422566335020057,16,1110
4,143,1242195934645940237,16,1184
4,144,7260311159850208808,16,1078
4,145,4246310494291862789,16,1044
4,146,1677520221407645844,16,1183
4,147,6370685584471937512,16,1092
4,148,3002815286091706143,16,998
4,149,8166119377360102145,16,1221
4,150,18265153354818469371,16,1117
4,151,466451027561969102,16,1203
4,152,17033037088982690493,16,1048
4,153,4594148864192393301,16,1380
4,154,12083569070594214683,16,1111
4,155,6381491763055747963,16,917
4,156,1932796474100111736,16,1213
4,157,5011212726447245114,16,1449
4,158,7811695478464002299,16,1311
4,159,1773438987455516115,16,977
4,160,13930852110891398848,16,1152
4,161,13682973132561764193,16,921
4,162,7194032381730618955,16,967
4,163,5999457344277829896,16,1175
4,164,9172916273529697398,16,1139
4,165,17391604505684039604,16,1064
4,166,17367369674261844180,16,1202
4,167,9711478221795393718,16,1268
4,168,15603584565445531261,16,852
4,169,9239295702722752011,16,1595
4,170,16465242213173960173,16,909
4,171,14094181145347146062,16,1203
4,172,2185715593249880671,16,960
4,173,7659178714943254725,16,1130
4,174,2405330512928275597,16,1028
4,175,2316479358857563449,16,1381
4,176,9196034099549049806,16,953
4,177,7713908315561446829,16,1180
4,178,15746557309067440509,16,1289
4,179,8226940155651495484,16,978
4,180,16577904057926058120,16,902
4,181,2734095960527996519,16,1022
4,182,18029529947610875711,16,941
4,183,14339354414695557575,16,1014
4,184,15580908983324961951,16,1309
4,185,15291391975418920070,16,1284
4,186,4465595359958068098,16,1183
4,187,5330778551589598526,16,1298
4,188,15667454691442299667,16,716
4,189,6913919045034541549,16,996
4,190,12867337473460998640,16,951
4,191,11431924968533089096,16,1205
4,192,208972795713890549,16,1126
4,193,14594230119554207958,16,1513
4,194,13109643028339269532,16,1143
4,195,2205818837843505027,16,1297
4,196,2816093552401592596,16,1086
4,197,6469741840230123083,16,1501
4,198,7827415477271717878,16,940
4,199,6894406174977151236,16,1464
5,0,5384951319205225011,32,511
5,1,8947330736813735971,32,826
5,2,335629086717780967,32,772
5,3,3792866336717069833,32,644
5,4,17648974464918290238,32,715
5,5,13158319810481206812,32,539
5,6,17697205907076566952,32,498
5,7,1745805091277052275,32,672
5,8,10174575256649922164,32,710
5,9,4801449530308966241,32,619
5,10,15964001751588398686,32,556
5,11,9086315017228195762,32,550
5,12,16617185547900090403,32,589
5,13,1931827800702904183,32,787
5,14,11341495168773271859,32,551
5,15,2645267236651238628,32,517
5,16,9912157441171604157,32,517
5,17,3409796787775662569,32,617
5,18,9668246560762760622,32,464
5,19,8687481573041601240,32,591
5,20,10774450077818018051,32,580
5,21,15533058428838778435,32,798
5,22,10213797827503244520,32,581
5,23,10895739259645629835,32,665
5,24,10630215773865597956,32,537
5,25,2441056701128841570,32,513
5,26,5519285788582971151,32,517
5,27,15677903440307404687,32,606
5,28,1718213540747757649,32,622
5,29,12557651938863980120,32,474
5,30,5584111684099047289,32,770
5,31,3111624688751550339,32,693
5,32,7188823921111700719,32,694
5,33,17808115496594000691,32,719
5,34,8294913075058289733,32,546
5,35,5673901131994366788,32,664
5,36,4833083511672215042,32,669
5,37,9325360161499168429,32,538
5,38,9177875111135965596,32,731
5,39,14055517733753179337,32,587
5,40,9047468920694314680,32,471
5,41,977259347701253576,32,844
5,42,18388054250868548477,32,808
5,43,16953008678159811564,32,678
5,44,18096162968576636432,32,694
5,45,1905570612773032732,32,655
5,46,6815902651964224561,32,695
5,47,9198351642462424589,32,578
5,48,5524714764403264368,32,539
5,49,4393267174756133399,32,624
5,50,5051879903424542662,32,928
5,51,13181470929817258483,32,569
5,52,15086463200877547085,32,708
5,53,14981887841053625794,32,622
5,54,8955315396894417483,32,631
5,55,1003167432174412468,32,753
5,56,11686314610909058531,32,522
5,57,3707620965792323466,32,722
5,58,6633943537039363970,32,414
5,59,10057520891023245385,32,626
5,60,7993963312361761859,32,612
5,61,17548602586776119402,32,476
5,62,13636177389027027702,32,651
5,63,17815117608227786416,32,880
5,64,13280681021161160884,32,650
5,65,11822694756358612073,32,668
5,66,17777537366084599395,32,708
5,67,10932349415936536904,32,619
5,68,13912047680124214075,32,465
5,69,15485351224295798923,32,562
5,70,13081128624350510328,32,451
5,71,6441630040849573318,32,596
5,72,13577735381952102052,32,634
5,73,11224476883939894484,32,657
5,74,2058730075377186936,32,506
5,75,5684832829809544260,32,766
5,76,12896366265499621978,32,672
5,77,12244256393384019309,32,642
5,78,15635506268831056294,32,537
5,79,12169141453418963348,32,629
5,80,5409832202576516066,32,830
5,81,8565006384266957173,32,477
5,82,6443674085086235198,32,501
5,83,5806022275319495262,32,652
5,84,4207914035162635347,32,470
5,85,7508720683273100436,32,499
5,86,4410799134017555784,32,795
5,87,1108065312119913795,32,520
5,88,1087325659813469700,32,808
5,89,13681187083751650150,32,570
5,90,17811570067769343452,32,690
5,91,1552563068593233244,32,499
5,92,8313388423793569199,32,485
5,93,13429856565708988791,32,645
5,94,5652397124292926715,32,581
5,95,14646482189332015962,32,589
5,96,6189167889012359751,32,544
5,97,350429883519071543,32,749
5,98,553741477478685551,32,626
5,99,3772820968854285990,32,566
5,100,11040632216677967635,32,582
5,101,4855929568764339097,32,547
5,102,3006018762567638635,32,582
5,103,2951750188682274626,32,600
5,104,1300877925118481355,32,632
5,105,13008321133892233038,32,666
5,106,4706245169617179022,32,705
5,107,5021012513883337653,32,508
5,108,14699007573965296379,32,485
5,109,3195874070189433410,32,996
5,110,5697281345264733530,32,748
5,111,8449559641768461137,32,521
5,112,6303502681032889499,32,664
5,113,3794213071982346912,32,587
5,114,7264078505022546172,32,674
5,115,9296463006233481175,32,476
5,116,6772334042478907564,32,681
5,117,17149206750998117059,32,797
5,118,3347480701289110515,32,806
5,119,1649072246846683533,32,578
5,120,15217612768270642843,32,531
5,121,10527611606417343631,32,614
5,122,8288872999843511608,32,646
5,123,13054478141556574234,32,563
5,124,10534041337003185132,32,563
5,125,15489599697092718752,32,750
5,126,10231414038139826101,32,601
5,127,7923217390826070345,32,850
5,128,16088831364347827635,32,663
5,129,7364055203371036354,32,572
5,130,4783031942158314846,32,603
5,131,375765405125533004,32,568
5,132,16236929490081736630,32,610
5,133,12773040197025976464,32,633
5,134,15250556831563473268,32,661
5,135,7200227845346552795,32,666
5,136,8614439359374161558,32,675
5,137,10874774549547293615,32,560
5,138,1654830796537617297,32,758
5,139,16099947179948421806,32,758
5,140,11773171639479916780,32,482
5,141,947214040647101601,32,588
5,142,12885422566335020057,32,600
5,143,1242195934645940237,32,726
5,144,7260311159850208808,32,904
5,145,4246310494291862789,32,573
5,146,1677520221407645844,32,610
5,147,6370685584471937512,32,692
5,148,3002815286091706143,32,537
5,149,8166119377360102145,32,753
5,150,18265153354818469371,32,747
5,151,466451027561969102,32,505
5,152,17033037088982690493,32,580
5,153,4594148864192393301,32,584
5,154,12083569070594214683,32,570
5,155,6381491763055747963,32,599
5,156,1932796474100111736,32,684
5,157,5011212726447245114,32,522
5,158,7811695478464002299,32,563
5,159,1773438987455516115,32,794
5,160,13930852110891398848,32,700
5,161,13682973132561764193,32,577
5,162,7194032381730618955,32,1070
5,163,5999457344277829896,32,820
5,164,9172916273529697398,32,502
5,165,17391604505684039604,32,662
5,166,17367369674261844180,32,529
5,167,9711478221795393718,32,578
5,168,15603584565445531261,32,541
5,169,9239295702722752011,32,463
5,170,16465242213173960173,32,798
5,171,14094181145347146062,32,631
5,172,2185715593249880671,32,711
5,173,7659178714943254725,32,677
5,174,2405330512928275597,32,854
5,175,2316479358857563449,32,702
5,176,9196034099549049806,32,745
5,177,7713908315561446829,32,842
5,178,15746557309067440509,32,670
5,179,8226940155651495484,32,628
5,180,16577904057926058120,32,680
5,181,2734095960527996519,32,534
5,182,18029529947610875711,32,707
5,183,14339354414695557575,32,570
5,184,15580908983324961951,32,719
5,185,15291391975418920070,32,654
5,186,4465595359958068098,32,465
5,187,5330778551589598526,32,489
5,188,15667454691442299667,32,441
5,189,6913919045034541549,32,465
5,190,12867337473460998640,32,636
5,191,11431924968533089096,32,617
5,192,208972795713890549,32,653
5,193,14594230119554207958,32,627
5,194,13109643028339269532,32,1022
5,195,2205818837843505027,32,589
5,196,2816093552401592596,32,760
5,197,6469741840230123083,32,525
5,198,7827415477271717878,32,569
5,199,6894406174977151236,32,686
6,0,5384951319205225011,64,455
6,1,8947330736813735971,64,414
6,2,335629086717780967,64,321
6,3,3792866336717069833,64,358
6,4,17648974464918290238,64,450
6,5,13158319810481206812,64,322
6,6,17697205907076566952,64,352
6,7,1745805091277052275,64,401
6,8,10174575256649922164,64,452
6,9,4801449530308966241,64,383
6,10,15964001751588398686,64,445
6,11,9086315017228195762,64,372
6,12,16617185547900090403,64,571
6,13,1931827800702904183,64,381
6,14,11341495168773271859,64,336
6,15,2645267236651238628,64,358
6,16,9912157441171604157,64,388
6,17,3409796787775662569,64,452
6,18,9668246560762760622,64,305
6,19,8687481573041601240,64,376
6,20,10774450077818018051,64,348
6,21,15533058428838778435,64,441
6,22,10213797827503244520,64,361
6,23,10895739259645629835,64,407
6,24,10630215773865597956,64,478
6,25,2441056701128841570,64,301
6,26,5519285788582971151,64,423
6,27,15677903440307404687,64,409
6,28,1718213540747757649,64,247
6,29,12557651938863980120,64,473
6,30,5584111684099047289,64,361
6,31,3111624688751550339,64,383
6,32,7188823921111700719,64,469
6,33,17808115496594000691,64,402
6,34,8294913075058289733,64,342
6,35,5673901131994366788,64,362
6,36,4833083511672215042,64,478
6,37,9325360161499168429,64,340
6,38,9177875111135965596,64,492
6,39,14055517733753179337,64,321
6,40,9047468920694314680,64,345
6,41,977259347701253576,64,368
6,42,18388054250868548477,64,433
6,43,16953008678159811564,64,426
6,44,18096162968576636432,64,429
6,45,1905570612773032732,64,370
6,46,6815902651964224561,64,342
6,47,9198351642462424589,64,383
6,48,5524714764403264368,64,419
6,49,4393267174756133399,64,364
6,50,5051879903424542662,64,383
6,51,13181470929817258483,64,454
6,52,15086463200877547085,64,582
6,53,14981887841053625794,64,330
6,54,8955315396894417483,64,292
6,55,1003167432174412468,64,385
6,56,11686314610909058531,64,354
6,57,3707620965792323466,64,348
6,58,6633943537039363970,64,347
6,59,10057520891023245385,64,352
6,60,7993963312361761859,64,354
6,61,17548602586776119402,64,591
6,62,13636177389027027702,64,380
6,63,17815117608227786416,64,477
6,64,13280681021161160884,64,470
6,65,11822694756358612073,64,337
6,66,17777537366084599395,64,394
6,67,10932349415936536904,64,390
6,68,13912047680124214075,64,413
6,69,15485351224295798923,64,427
6,70,13081128624350510328,64,388
6,71,6441630040849573318,64,427
6,72,13577735381952102052,64,325
6,73,11224476883939894484,64,382
6,74,2058730075377186936,64,360
6,75,5684832829809544260,64,503
6,76,12896366265499621978,64,356
6,77,12244256393384019309,64,478
6,78,15635506268831056294,64,406
6,79,12169141453418963348,64,357
6,80,5409832202576516066,64,406
6,81,8565006384266957173,64,375
6,82,6443674085086235198,64,372
6,83,5806022275319495262,64,352
6,84,4207914035162635347,64,275
6,85,7508720683273100436,64,285
6,86,4410799134017555784,64,381
6,87,1108065312119913795,64,400
6,88,1087325659813469700,64,581
6,89,13681187083751650150,64,299
6,90,17811570067769343452,64,507
6,91,1552563068593233244,64,417
6,92,8313388423793569199,64,483
6,93,13429856565708988791,64,315
6,94,5652397124292926715,64,439
6,95,14646482189332015962,64,404
6,96,6189167889012359751,64,362
6,97,350429883519071543,64,452
6,98,553741477478685551,64,309
6,99,3772820968854285990,64,378
6,100,11040632216677967635,64,367
6,101,4855929568764339097,64,392
6,102,3006018762567638635,64,350
6,103,2951750188682274626,64,305
6,104,1300877925118481355,64,412
6,105,13008321133892233038,64,325
6,106,4706245169617179022,64,391
6,107,5021012513883337653,64,372
6,108,14699007573965296379,64,302
6,109,3195874070189433410,64,395
6,110,5697281345264733530,64,345
6,111,8449559641768461137,64,550
6,112,6303502681032889499,64,350
6,113,3794213071982346912,64,350
6,114,7264078505022546172,64,297
6,115,9296463006233481175,64,256
6,116,6772334042478907564,64,347
6,117,17149206750998117059,64,409
6,118,3347480701289110515,64,366
6,119,1649072246846683533,64,324
6,120,15217612768270642843,64,429
6,121,10527611606417343631,64,319
6,122,8288872999843511608,64,302
6,123,13054478141556574234,64,396
6,124,10534041337003185132,64,341
6,125,15489599697092718752,64,404
6,126,10231414038139826101,64,422
6,127,7923217390826070345,64,454
6,128,16088831364347827635,64,432
6,129,7364055203371036354,64,420
6,130,4783031942158314846,64,326
6,131,375765405125533004,64,484
6,132,16236929490081736630,64,380
6,133,12773040197025976464,64,400
6,134,15250556831563473268,64,375
6,135,7200227845346552795,64,433
6,136,8614439359374161558,64,335
6,137,10874774549547293615,64,336
6,138,1654830796537617297,64,387
6,139,16099947179948421806,64,270
6,140,11773171639479916780,64,471
6,141,947214040647101601,64,364
6,142,12885422566335020057,64,346
6,143,1242195934645940237,64,370
6,144,7260311159850208808,64,358
6,145,4246310494291862789,64,389
6,146,1677520221407645844,64,336
6,147,6370685584471937512,64,393
6,148,3002815286091706143,64,447
6,149,8166119377360102145,64,338
6,150,18265153354818469371,64,303
6,151,466451027561969102,64,357
6,152,17033037088982690493,64,520
6,153,4594148864192393301,64,340
6,154,12083569070594214683,64,581
6,155,6381491763055747963,64,536
6,156,1932796474100111736,64,338
6,157,5011212726447245114,64,357
6,158,7811695478464002299,64,560
6,159,1773438987455516115,64,427
6,160,13930852110891398848,64,309
6,161,13682973132561764193,64,375
6,162,7194032381730618955,64,442
6,163,5999457344277829896,64,468
6,164,9172916273529697398,64,301
6,165,17391604505684039604,64,334
6,166,17367369674261844180,64,446
6,167,9711478221795393718,64,545
6,168,15603584565445531261,64,420
6,169,9239295702722752011,64,343
6,170,16465242213173960173,64,410
6,171,14094181145347146062,64,372
6,172,2185715593249880671,64,348
6,173,7659178714943254725,64,364
6,174,2405330512928275597,64,365
6,175,2316479358857563449,64,361
6,176,9196034099549049806,64,391
6,177,7713908315561446829,64,335
6,178,15746557309067440509,64,379
6,179,8226940155651495484,64,366
6,180,16577904057926058120,64,345
6,181,2734095960527996519,64,328
6,182,18029529947610875711,64,363
6,183,14339354414695557575,64,398
6,184,15580908983324961951,64,302
6,185,15291391975418920070,64,327
6,186,4465595359958068098,64,329
6,187,5330778551589598526,64,441
6,188,15667454691442299667,64,293
6,189,6913919045034541549,64,351
6,190,12867337473460998640,64,397
6,191,11431924968533089096,64,372
6,192,208972795713890549,64,576
6,193,14594230119554207958,64,353
6,194,13109643028339269532,64,364
6,195,2205818837843505027,64,364
6,196,2816093552401592596,64,403
6,197,6469741840230123083,64,315
6,198,7827415477271717878,64,316
6,199,6894406174977151236,64,307
7,0,5384951319205225011,128,345
7,1,8947330736813735971,128,339
7,2,335629086717780967,128,301
7,3,3792866336717069833,128,311
7,4,17648974464918290238,128,240
7,5,13158319810481206812,128,250
7,6,17697205907076566952,128,353
7,7,1745805091277052275,128,239
7,8,10174575256649922164,128,253
7,9,4801449530308966241,128,288
7,10,15964001751588398686,128,232
7,11,9086315017228195762,128,310
7,12,16617185547900090403,128,285
7,13,1931827800702904183,128,248
7,14,11341495168773271859,128,302
7,15,2645267236651238628,128,329
7,16,9912157441171604157,128,253
7,17,3409796787775662569,128,315
7,18,9668246560762760622,128,278
7,19,8687481573041601240,128,295
7,20,10774450077818018051,128,260
7,21,15533058428838778435,128,241
7,22,10213797827503244520,128,276
7,23,10895739259645629835,128,243
7,24,10630215773865597956,128,250
7,25,2441056701128841570,128,252
7,26,5519285788582971151,128,339
7,27,15677903440307404687,128,261
7,28,1718213540747757649,128,233
7,29,12557651938863980120,128,285
7,30,5584111684099047289,128,284
7,31,3111624688751550339,128,379
7,32,7188823921111700719,128,274
7,33,17808115496594000691,128,356
7,34,8294913075058289733,128,236
7,35,5673901131994366788,128,282
7,36,4833083511672215042,128,330
7,37,9325360161499168429,128,301
7,38,9177875111135965596,128,268
7,39,14055517733753179337,128,282
7,40,9047468920694314680,128,284
7,41,977259347701253576,128,282
7,42,18388054250868548477,128,268
7,43,16953008678159811564,128,261
7,44,18096162968576636432,128,229
7,45,1905570612773032732,128,262
7,46,6815902651964224561,128,288
7,47,9198351642462424589,128,317
7,48,5524714764403264368,128,237
7,49,4393267174756133399,128,223
7,50,5051879903424542662,128,238
7,51,13181470929817258483,128,274
7,52,15086463200877547085,128,276
7,53,14981887841053625794,128,254
7,54,8955315396894417483,128,331
7,55,1003167432174412468,128,243
7,56,11686314610909058531,128,270
7,57,3707620965792323466,128,274
7,58,6633943537039363970,128,241
7,59,10057520891023245385,128,250
7,60,7993963312361761859,128,208
7,61,17548602586776119402,128,203
7,62,13636177389027027702,128,328
7,63,17815117608227786416,128,222
7,64,13280681021161160884,128,242
7,65,11822694756358612073,128,207
7,66,17777537366084599395,128,243
7,67,10932349415936536904,128,249
7,68,13912047680124214075,128,261
7,69,15485351224295798923,128,294
7,70,13081128624350510328,128,256
7,71,6441630040849573318,128,228
7,72,13577735381952102052,128,259
7,73,11224476883939894484,128,220
7,74,2058730075377186936,128,289
7,75,5684832829809544260,128,287
7,76,12896366265499621978,128,274
7,77,12244256393384019309,128,233
7,78,15635506268831056294,128,266
7,79,12169141453418963348,128,214
7,80,5409832202576516066,128,270
7,81,8565006384266957173,128,276
7,82,6443674085086235198,128,344
7,83,5806022275319495262,128,252
7,84,4207914035162635347,128,265
7,85,7508720683273100436,128,248
7,86,4410799134017555784,128,264
7,87,1108065312119913795,128,308
7,88,1087325659813469700,128,258
7,89,13681187083751650150,128,283
7,90,17811570067769343452,128,229
7,91,1552563068593233244,128,239
7,92,8313388423793569199,128,214
7,93,13429856565708988791,128,225
7,94,5652397124292926715,128,234
7,95,14646482189332015962,128,255
7,96,6189167889012359751,128,271
7,97,350429883519071543,128,308
7,98,553741477478685551,128,261
7,99,3772820968854285990,128,298
7,100,11040632216677967635,128,327
7,101,4855929568764339097,128,212
7,102,3006018762567638635,128,275
7,103,2951750188682274626,128,239
7,104,1300877925118481355,128,259
7,105,13008321133892233038,128,214
7,106,4706245169617179022,128,239
7,107,5021012513883337653,128,313
7,108,14699007573965296379,128,221
7,109,3195874070189433410,128,261
7,110,5697281345264733530,128,300
7,111,8449559641768461137,128,281
7,112,6303502681032889499,128,236
7,113,3794213071982346912,128,248
7,114,7264078505022546172,128,278
7,115,9296463006233481175,128,220
7,116,6772334042478907564,128,300
7,117,17149206750998117059,128,316
7,118,3347480701289110515,128,261
7,119,1649072246846683533,128,241
7,120,15217612768270642843,128,272
7,121,10527611606417343631,128,291
7,122,8288872999843511608,128,255
7,123,13054478141556574234,128,329
7,124,10534041337003185132,128,273
7,125,15489599697092718752,128,227
7,126,10231414038139826101,128,298
7,127,7923217390826070345,128,257
7,128,16088831364347827635,128,313
7,129,7364055203371036354,128,246
7,130,4783031942158314846,128,221
7,131,375765405125533004,128,368
7,132,16236929490081736630,128,241
7,133,12773040197025976464,128,254
7,134,15250556831563473268,128,378
7,135,7200227845346552795,128,358
7,136,8614439359374161558,128,241
7,137,10874774549547293615,128,321
7,138,1654830796537617297,128,295
7,139,16099947179948421806,128,276
7,140,11773171639479916780,128,276
7,141,947214040647101601,128,277
7,142,12885422566335020057,128,279
7,143,1242195934645940237,128,217
7,144,7260311159850208808,128,250
7,145,4246310494291862789,128,255
7,146,1677520221407645844,128,219
7,147,6370685584471937512,128,311
7,148,3002815286091706143,128,237
7,149,8166119377360102145,128,211
7,150,18265153354818469371,128,268
7,151,466451027561969102,128,289
7,152,17033037088982690493,128,292
7,153,4594148864192393301,128,229
7,154,12083569070594214683,128,263
7,155,6381491763055747963,128,231
7,156,1932796474100111736,128,268
7,157,5011212726447245114,128,322
7,158,7811695478464002299,128,275
7,159,1773438987455516115,128,228
7,160,13930852110891398848,128,308
7,161,13682973132561764193,128,234
7,162,7194032381730618955,128,320
7,163,5999457344277829896,128,280
7,164,9172916273529697398,128,260
7,165,17391604505684039604,128,248
7,166,17367369674261844180,128,246
7,167,9711478221795393718,128,341
7,168,15603584565445531261,128,230
7,169,9239295702722752011,128,245
7,170,16465242213173960173,128,275
7,171,14094181145347146062,128,229
7,172,2185715593249880671,128,319
7,173,7659178714943254725,128,215
7,174,2405330512928275597,128,234
7,175,2316479358857563449,128,226
7,176,9196034099549049806,128,257
7,177,7713908315561446829,128,251
7,178,15746557309067440509,128,236
7,179,8226940155651495484,128,243
7,180,16577904057926058120,128,251
7,181,2734095960527996519,128,250
7,182,18029529947610875711,128,255
7,183,14339354414695557575,128,289
7,184,15580908983324961951,128,230
7,185,15291391975418920070,128,236
7,186,4465595359958068098,128,247
7,187,5330778551589598526,128,290
7,188,15667454691442299667,128,294
7,189,6913919045034541549,128,286
7,190,12867337473460998640,128,278
7,191,11431924968533089096,128,260
7,192,208972795713890549,128,256
7,193,14594230119554207958,128,285
7,194,13109643028339269532,128,254
7,195,2205818837843505027,128,307
7,196,2816093552401592596,128,296
7,197,6469741840230123083,128,238
7,198,7827415477271717878,128,256
7,199,6894406174977151236,128,238
8,0,5384951319205225011,256,187
8,1,8947330736813735971,256,208
8,2,335629086717780967,256,201
8,3,3792866336717069833,256,178
8,4,17648974464918290238,256,230
8,5,13158319810481206812,256,187
8,6,17697205907076566952,256,237
8,7,1745805091277052275,256,193
8,8,10174575256649922164,256,198
8,9,4801449530308966241,256,172
8,10,15964001751588398686,256,186
8,11,9086315017228195762,256,203
8,12,16617185547900090403,256,190
8,13,1931827800702904183,256,157
8,14,11341495168773271859,256,231
8,15,2645267236651238628,256,197
8,16,9912157441171604157,256,167
8,17,3409796787775662569,256,218
8,18,9668246560762760622,256,213
8,19,8687481573041601240,256,197
8,20,10774450077818018051,256,173
8,21,15533058428838778435,256,186
8,22,10213797827503244520,256,188
8,23,10895739259645629835,256,191
8,24,10630215773865597956,256,191
8,25,2441056701128841570,256,202
8,26,5519285788582971151,256,203
8,27,15677903440307404687,256,190
8,28,1718213540747757649,256,214
8,29,12557651938863980120,256,182
8,30,5584111684099047289,256,169
8,31,3111624688751550339,256,180
8,32,7188823921111700719,256,178
8,33,17808115496594000691,256,196
8,34,8294913075058289733,256,167
8,35,5673901131994366788,256,169
8,36,4833083511672215042,256,208
8,37,9325360161499168429,256,216
8,38,9177875111135965596,256,179
8,39,14055517733753179337,256,227
8,40,9047468920694314680,256,188
8,41,977259347701253576,256,223
8,42,18388054250868548477,256,209
8,43,16953008678159811564,256,211
8,44,18096162968576636432,256,199
8,45,1905570612773032732,256,205
8,46,6815902651964224561,256,189
8,47,9198351642462424589,256,229
8,48,5524714764403264368,256,220
8,49,4393267174756133399,256,184
8,50,5051879903424542662,256,204
8,51,13181470929817258483,256,211
8,52,15086463200877547085,256,220
8,53,14981887841053625794,256,189
8,54,8955315396894417483,256,216
8,55,1003167432174412468,256,199
8,56,11686314610909058531,256,213
8,57,3707620965792323466,256,203
8,58,6633943537039363970,256,200
8,59,10057520891023245385,256,226
8,60,7993963312361761859,256,208
8,61,17548602586776119402,256,188
8,62,13636177389027027702,256,160
8,63,17815117608227786416,256,197
8,64,13280681021161160884,256,174
8,65,11822694756358612073,256,178
8,66,17777537366084599395,256,186
8,67,10932349415936536904,256,202
8,68,13912047680124214075,256,198
8,69,15485351224295798923,256,170
8,70,13081128624350510328,256,178
8,71,6441630040849573318,256,182
8,72,13577735381952102052,256,183
8,73,11224476883939894484,256,171
8,74,2058730075377186936,256,193
8,75,5684832829809544260,256,170
8,76,12896366265499621978,256,193
8,77,12244256393384019309,256,168
8,78,15635506268831056294,256,176
8,79,12169141453418963348,256,180
8,80,5409832202576516066,256,174
8,81,8565006384266957173,256,218
8,82,6443674085086235198,256,184
8,83,5806022275319495262,256,182
8,84,4207914035162635347,256,202
8,85,7508720683273100436,256,201
8,86,4410799134017555784,256,166
8,87,1108065312119913795,256,191
8,88,1087325659813469700,256,172
8,89,13681187083751650150,256,216
8,90,17811570067769343452,256,193
8,91,1552563068593233244,256,209
8,92,8313388423793569199,256,179
8,93,13429856565708988791,256,188
8,94,5652397124292926715,256,175
8,95,14646482189332015962,256,213
8,96,6189167889012359751,256,184
8,97,350429883519071543,256,185
8,98,553741477478685551,256,202
8,99,3772820968854285990,256,180
8,100,11040632216677967635,256,208
8,101,4855929568764339097,256,185
8,102,3006018762567638635,256,202
8,103,2951750188682274626,256,220
8,104,1300877925118481355,256,201
8,105,13008321133892233038,256,288
8,106,4706245169617179022,256,167
8,107,5021012513883337653,256,214
8,108,14699007573965296379,256,235
8,109,3195874070189433410,256,200
8,110,5697281345264733530,256,177
8,111,8449559641768461137,256,168
8,112,6303502681032889499,256,206
8,113,3794213071982346912,256,173
8,114,7264078505022546172,256,169
8,115,9296463006233481175,256,157
8,116,6772334042478907564,256,216
8,117,17149206750998117059,256,217
8,118,3347480701289110515,256,187
8,119,1649072246846683533,256,199
8,120,15217612768270642843,256,210
8,121,10527611606417343631,256,183
8,122,8288872999843511608,256,176
8,123,13054478141556574234,256,215
8,124,10534041337003185132,256,174
8,125,15489599697092718752,256,206
8,126,10231414038139826101,256,228
8,127,7923217390826070345,256,180
8,128,16088831364347827635,256,166
8,129,7364055203371036354,256,195
8,130,4783031942158314846,256,241
8,131,375765405125533004,256,185
8,132,16236929490081736630,256,220
8,133,12773040197025976464,256,226
8,134,15250556831563473268,256,217
8,135,7200227845346552795,256,179
8,136,8614439359374161558,256,182
8,137,10874774549547293615,256,196
8,138,1654830796537617297,256,211
8,139,16099947179948421806,256,200
8,140,11773171639479916780,256,188
8,141,947214040647101601,256,196
8,142,12885422566335020057,256,190
8,143,1242195934645940237,256,216
8,144,7260311159850208808,256,212
8,145,4246310494291862789,256,201
8,146,1677520221407645844,256,216
8,147,6370685584471937512,256,183
8,148,3002815286091706143,256,182
8,149,8166119377360102145,256,193
8,150,18265153354818469371,256,186
8,151,466451027561969102,256,191
8,152,17033037088982690493,256,206
8,153,4594148864192393301,256,208
8,154,12083569070594214683,256,198
8,155,6381491763055747963,256,216
8,156,1932796474100111736,256,185
8,157,5011212726447245114,256,220
8,158,7811695478464002299,256,188
8,159,1773438987455516115,256,205
8,160,13930852110891398848,256,185
8,161,13682973132561764193,256,224
8,162,7194032381730618955,256,237
8,163,5999457344277829896,256,203
8,164,9172916273529697398,256,192
8,165,17391604505684039604,256,156
8,166,17367369674261844180,256,185
8,167,9711478221795393718,256,235
8,168,15603584565445531261,256,226
8,169,9239295702722752011,256,257
8,170,16465242213173960173,256,186
8,171,14094181145347146062,256,158
8,172,2185715593249880671,256,191
8,173,7659178714943254725,256,213
8,174,2405330512928275597,256,215
8,175,2316479358857563449,256,180
8,176,9196034099549049806,256,200
8,177,7713908315561446829,256,212
8,178,15746557309067440509,256,225
8,179,8226940155651495484,256,177
8,180,16577904057926058120,256,208
8,181,2734095960527996519,256,179
8,182,18029529947610875711,256,185
8,183,14339354414695557575,256,200
8,184,15580908983324961951,256,210
8,185,15291391975418920070,256,178
8,186,4465595359958068098,256,187
8,187,5330778551589598526,256,233
8,188,15667454691442299667,256,164
8,189,6913919045034541549,256,190
8,190,12867337473460998640,256,194
8,191,11431924968533089096,256,176
8,192,208972795713890549,256,207
8,193,14594230119554207958,256,213
8,194,13109643028339269532,256,170
8,195,2205818837843505027,256,231
8,196,2816093552401592596,256,163
8,197,6469741840230123083,256,190
8,198,7827415477271717878,256,259
8,199,6894406174977151236,256,233
