point,N,observable,n,mean,sd,se,ci95_low,ci95_high
0,1,tempsCouverture,200,17199.465,3276.7553244109154,231.70159101800837,16737.387875,17642.231
1,2,tempsCouverture,200,8499.98,1696.796005127038,119.98159615155723,8270.807,8746.1075
2,4,tempsCouverture,200,4358.375,882.5381363918103,62.404870089838724,4237.776625,4489.50875
3,8,tempsCouverture,200,2175.315,467.4147177473492,33.05121165455467,2114.070625,2240.7725
4,16,tempsCouverture,200,1133.955,226.49346441367922,16.015506458134656,1104.123375,1165.541
5,32,tempsCouverture,200,633.54,114.40784138709321,8.089856046572855,617.085,650.5035
6,64,tempsCouverture,200,386.71,66.4431286645479,4.69823868419521,377.437625,395.767
7,128,tempsCouverture,200,268.15,36.339514326797726,2.5695917005504367,263.064875,273.525625
8,256,tempsCouverture,200,196.76,21.036039904753263,1.4874726465961847,194.08462500000002,199.671
